image_path,image_description
../dataset/cubism/albert-gleizes_femme-cubiste-1921.jpg,A woman in a blue dress is sitting down and reading a book.
../dataset/cubism/albert-gleizes_landscape-with-bridge-and-viaduct-1910.jpg,Black ink drawing of a cityscape with tall buildings.
../dataset/cubism/albert-gleizes_new-york-1915.jpg,"An abstract painting with geometric shapes and the letters ""STR"" in the center."
../dataset/cubism/albert-gleizes_on-a-sailboat.jpg,Blue and black geometric shapes with a hint of yellow and white.
../dataset/cubism/albert-gleizes_untitled-2.jpg,"A painting of a table with a plate, grapes, and a glass on it."
../dataset/cubism/alfred-manessier_david-1948.jpg,An abstract painting with bright colors and a person playing the cello.
../dataset/cubism/amadeo-de-souza-cardoso_basque-landscape-1914.jpg,"An abstract painting of a house with blue, green, and brown shapes."
../dataset/cubism/amadeo-de-souza-cardoso_composition-with-guitar.jpg,Colorful geometric shapes with black outline.
../dataset/cubism/amadeo-de-souza-cardoso_untitled-boats-1913.jpg,Sailboats in a harbor with a geometric background.
../dataset/cubism/andr-lhote_l-atelier-sur-la-terrasse-de-mirmande-1957.jpg,Colorful geometric shapes with a mountain landscape in the background.
../dataset/cubism/andr-lhote_le-port-de-bordeaux-1915.jpg,An abstract painting of a harbor with boats and buildings.
../dataset/cubism/andr-lhote_mirmande-1930.jpg,An abstract painting with bright colors and geometric shapes.
../dataset/cubism/andr-lhote_nature-morte-au-chinois-1930.jpg,"A table with a vase, fruit, books, and a sculpture on a green background."
../dataset/cubism/andr-lhote_sur-la-terrasse-1945.jpg,An abstract painting with bright colors and geometric shapes.
../dataset/cubism/andre-derain_a-village.jpg,Painting of a small village with orange rooftops.
../dataset/cubism/andre-derain_vista-de-saint-paul-de-vence-1910.jpg,Colorful painting of a town on a hill with trees in front.
../dataset/cubism/andre-masson_birds-and-masks.jpg,A painting of two dead birds on a table with a green background.
../dataset/cubism/andre-masson_card-trick.jpg,A man holds a gun and cards while surrounded by ghostly figures.
../dataset/cubism/andre-masson_no-name-7.jpg,Colorful abstract painting with a red bowl in the center.
../dataset/cubism/andre-masson_reclining-nude-1956.jpg,A woman is washing her hair with a dark background.
../dataset/cubism/arshile-gorky_the-raven-composition-no-3.jpg,An abstract painting of a person in black with a white circle on the chest.
../dataset/cubism/auguste-herbin_landscape-in-ceret-1913.jpg,An abstract painting of a house and trees with bright colors.
../dataset/cubism/auguste-herbin_villaggio-di-collina.jpg,An aerial view of a town with colorful buildings and trees.
../dataset/cubism/ben-nicholson_aegean-1967.jpg,Black line drawing of organic shapes on a light background.
../dataset/cubism/ben-nicholson_ronco-1967.jpg,Black line drawing of a vase with a white background.
../dataset/cubism/carlos-merida_faces.jpg,Abstract bronze sculpture with geometric shapes and a wooden base.
../dataset/cubism/carlos-merida_the-prodigal-son-1973.jpg,Colorful geometric shapes with black outlines on blue background.
../dataset/cubism/charles-lapicque_la-bugatti-1925.jpg,An abstract painting of a car with a light blue background.
../dataset/cubism/charles-sheeler_still-life-1925.jpg,A still life painting of fruit and a glass on a table with a green tablecloth.
../dataset/cubism/conrad-marca-relli_la-citt-1951.jpg,An abstract painting with white textured geometric shapes.
../dataset/cubism/corneliu-michailescu_harlequins.jpg,A painting of a person in a white mask playing the guitar with a dancing couple in the background.
../dataset/cubism/corneliu-michailescu_still-life-with-fruits.jpg,An arrangement of fruit and a carafe on a table with a blue background.
../dataset/cubism/corneliu-michailescu_still-life-with-grapes-and-carafe.jpg,"An abstract painting with a green vase, fruit bowl, and wine glass."
../dataset/cubism/david-bomberg_racehorses-1913.jpg,Black and white drawing of discombobulated chairs.
../dataset/cubism/diego-rivera_view-of-toledo-1912.jpg,A painting of a cityscape with a river in the foreground.
../dataset/cubism/diego-rivera_zapatista-landscape-the-guerrilla-1915.jpg,A man with a gun standing in front of a mountain.
../dataset/cubism/ernst-ludwig-kirchner_traber-team.jpg,A painting of a person riding a unicycle with a horse beside them.
../dataset/cubism/fernand-leger_a-b-c-1927.jpg,"Black, grey, and white letters on a table with a red background."
../dataset/cubism/fernand-leger_composition-1919.jpg,An abstract painting with geometric shapes and bright colors.
../dataset/cubism/fernand-leger_composition-1920.jpg,"Black, gray, and yellow shapes with a white circle on a white background."
../dataset/cubism/fernand-leger_contrast-of-forms-1913.jpg,"Colorful, overlapping, geometric shapes on a white background."
../dataset/cubism/fernand-leger_contrasts-of-forms-1913.jpg,"An arrangement of blue, white, and red rectangles and cylinders."
../dataset/cubism/fernand-leger_fishermen-1921.jpg,Sepia toned drawing of men hunting with dogs in a forest.
../dataset/cubism/fernand-leger_the-great-tug-1923.jpg,Colorful geometric shapes with a white background.
../dataset/cubism/fernand-leger_the-house-under-the-trees-1913.jpg,Colorful geometric shapes with white background
../dataset/cubism/fernand-leger_the-mask-negro.jpg,"Geometric shapes in red, black, and blue with a hint of yellow."
../dataset/cubism/fernand-leger_the-rider-acrobat-juggler-1921.jpg,"A woman wearing a blue top, red apron, and yellow skirt."
../dataset/cubism/fernand-leger_three-characters-1924.jpg,Three people with no arms and legs are holding objects.
../dataset/cubism/fernand-leger_woman-with-flower-portrait-study-1920.jpg,Colorful geometric shapes on a white background.
../dataset/cubism/franz-marc_in-the-rain-1912.jpg,Colorful and abstract painting with white horse.
../dataset/cubism/franz-marc_stables-1913.jpg,Colorful geometric shapes with a hint of a horse.
../dataset/cubism/franz-marc_the-enchanted-mill-1913.jpg,An abstract painting of a waterfall with bright colors.
../dataset/cubism/georges-braque_cafe-bar-1919.jpg,"A collage of a table with musical instruments, a bottle, and a glass on it."
../dataset/cubism/georges-braque_checkerboard-tivoli-cinema-1913.jpg,"A collage with a newspaper, a piece of brown paper, and a piece of white paper with a grid drawn on it."
../dataset/cubism/georges-braque_plate-and-fruit-dish-1908.jpg,"Pears, grapes, and a violin on a table with a white cloth."
../dataset/cubism/georges-braque_still-life-with-le-jour-1929.jpg,"A table with a guitar, a pitcher, and fruit."
../dataset/cubism/georges-braque_the-green-jug.jpg,A collage of a guitar and a newspaper on a table.
../dataset/cubism/georges-braque_the-musician-s-table-1913.jpg,A table with a guitar and a newspaper on it.
../dataset/cubism/georges-braque_violin-and-sheet-music-on-a-table-petit-oiseau-1913.jpg,A violin and sheet music with a white background.
../dataset/cubism/gino-severini_flowers-and-masks-1930.jpg,"A table with a guitar, flowers, and drafting tools."
../dataset/cubism/giuseppe-santomaso_la-graticola-1948.jpg,A mostly blue painting with a black shopping cart and a yellow crate.
../dataset/cubism/gosta-adrian-nilsson_still-life-1923.jpg,Still life painting with geometric shapes and bright colors.
../dataset/cubism/henri-laurens_composition-1916.jpg,"Black, gray, and green geometric shapes with a white background."
../dataset/cubism/henri-laurens_femme-allong-e-au-bras-lev-1950.jpg,An abstract painting of two reclining figures in muted colors.
../dataset/cubism/henri-laurens_la-grande-musicienne-1937.jpg,A bronze sculpture of a woman playing the cello.
../dataset/cubism/henri-laurens_la-guitar-rose-1918.jpg,"Black, brown, and tan abstract shapes with music notes."
../dataset/cubism/jacques-villon_abstract-figure-in-a-landscape.jpg,An abstract painting with muted colors.
../dataset/cubism/jacques-villon_composition-1947.jpg,Colorful geometric shapes with white background
../dataset/cubism/jacques-villon_les-peupliers.jpg,Rectangles and squares of various colors with a white background.
../dataset/cubism/jean-hugo_table-de-jeu-1919.jpg,An arrangement of random objects on a green table.
../dataset/cubism/jean-metzinger_landscape-1917.jpg,An abstract painting with bright colors and geometric shapes.
../dataset/cubism/jean-metzinger_pitcher-hen-house-1923.jpg,A colorful painting of a rooster and a vase with a geometric background.
../dataset/cubism/jean-metzinger_still-life-playing-cards-coffee-cup-and-apples-1917-1.jpg,A table with fruit and a guitar in a Cubist style.
../dataset/cubism/jean-metzinger_the-village-1918.jpg,An abstract painting with muted colors depicting a cityscape.
../dataset/cubism/johannes-itten_der-bachs-nger-helge-lindberg-1916.jpg,An illustration of a woman reading with a cat nearby in a Cubism style.
../dataset/cubism/johannes-sveinsson-kjarval_hvitasunnudagr-1919.jpg,Colorful geometric shapes on a yellow background.
../dataset/cubism/john-marin_stonington-maine-1923.jpg,A watercolor painting of a small town or village with a body of water in the foreground.
../dataset/cubism/jose-de-almada-negreiros_the-fisherman-tapestry.jpg,A man in a boat holding an oar with a green background.
../dataset/cubism/juan-gris_a-pot-of-geraniums-1915.jpg,A plant and a newspaper clipping on a table.
../dataset/cubism/juan-gris_bottle-and-glass-on-a-table-1914.jpg,Still life painting with blue and green objects.
../dataset/cubism/juan-gris_bottle-glass-and-newspaper.jpg,"A collage of newsprint, wine bottle, and glass on a table."
../dataset/cubism/juan-gris_clown.jpg,A cubism painting of a person with grapes in the background.
../dataset/cubism/juan-gris_figs.jpg,A bowl of chestnuts with a glass and a knife on a table.
../dataset/cubism/juan-gris_flowers-1914.jpg,"Still life with flowers, cup, and newspaper in front of a blue background."
../dataset/cubism/juan-gris_fruit-bowl-and-fruit.jpg,"Still life painting with green table, fruit bowl, and brown background."
../dataset/cubism/juan-gris_fruit-bowl-with-bottle.jpg,An abstract painting with bright colors and geometric shapes.
../dataset/cubism/juan-gris_glass-and-bottle.jpg,A cubism painting of a bottle and a glass with a newspaper.
../dataset/cubism/juan-gris_grapes-1913.jpg,A colorful cubism painting with a bowl of fruit.
../dataset/cubism/juan-gris_guitar-and-pipe-1913.jpg,A painting of a guitar with a mirror in the background.
../dataset/cubism/juan-gris_harlequin-at-a-table-1919.jpg,A man wearing a blue vest and yellow pants in a room with a checkerboard floor.
../dataset/cubism/juan-gris_pears-and-grapes-on-a-table-1913.jpg,"A cubism painting with a bowl of fruit, a glass, and a newspaper."
../dataset/cubism/juan-gris_still-life-with-newspaper-1918.jpg,A table with a white tablecloth and a bouquet of flowers.
../dataset/cubism/juan-gris_tea-cups-1914.jpg,"A table with a newspaper, a pipe, and a glass on it."
../dataset/cubism/juan-gris_the-bottle-of-anis-del-mono-1914.jpg,A collage of a cigar box with a label.
../dataset/cubism/juan-gris_the-goblet-1927.jpg,A gray pitcher and white cup on a brown table with a white tablecloth.
../dataset/cubism/juan-gris_the-mountain-le-canigou-1921.jpg,"A table with a guitar, a pitcher, and a bowl of fruit."
../dataset/cubism/juan-gris_the-open-book-1925-1.jpg,A cubism painting of an open book with fruit on a table.
../dataset/cubism/juan-gris_the-open-book-1925.jpg,"A painting of a table with a book, a pipe, and a vase."
../dataset/cubism/juan-gris_the-reader-1926.jpg,A woman wearing a white blouse and red skirt stands in front of a window.
../dataset/cubism/juan-gris_the-sunblind-1914.jpg,"A table with a newspaper, a glass, and a pipe on it."
../dataset/cubism/juan-gris_the-three-masks-1923.jpg,Three people are sitting around a table having tea.
../dataset/cubism/juan-gris_the-violin-1914.jpg,A cubism painting of a violin and sheet music.
../dataset/cubism/juan-gris_tobacco-newspaper-and-bottle-of-wine-1914.jpg,"A collage with a newspaper, a bottle, and a glass on a table."
../dataset/cubism/julio-gonzalez_fantastic-figure-1937.jpg,"Abstract drawing with organic-like shapes in brown, black, yellow, and white."
../dataset/cubism/julio-gonzalez_femme-au-miroir-1937.jpg,"A tall, thin metal sculpture with a rectangular base."
../dataset/cubism/karl-knaths_cylinders-1944.jpg,An abstract painting with geometric shapes and a pink circle in the center.
../dataset/cubism/karl-knaths_frightened-deer-in-moonlight-1932.jpg,Two antelopes running in a snowy textured field with a tree and a blue background.
../dataset/cubism/karl-knaths_rye-bread.jpg,"A table with a pitcher, a lemon, and a newspaper."
../dataset/cubism/karl-knaths_shacks-1964.jpg,An abstract painting with muted colors depicting houses and boats.
../dataset/cubism/kazimir-malevich_bureau-and-room-1913.jpg,A painting with various shapes and colors.
../dataset/cubism/kazimir-malevich_floor-polishers-1912.jpg,Two men in colorful clothes are sitting in a room.
../dataset/cubism/kazimir-malevich_the-reaper-on-red-1913.jpg,A man in a gray and white outfit holding a sickle stands in a field of red flowers.
../dataset/cubism/konstantin-vasilyev_not-detected-272792.jpg,Colorful geometric shapes with a black bird.
../dataset/cubism/konstantinos-parthenis_the-night-responds-to-my-complaints-1933.jpg,"Abstract painting with gray, black, and tan colors."
../dataset/cubism/lajos-tihanyi_still-life-with-pipe-1923.jpg,"A brown bowl with a white pipe laying in it, sits on a table with a white tablecloth."
../dataset/cubism/lasar-segall_brazilian-landscape-1925.jpg,An abstract painting of a rural landscape with a mountain in the background.
../dataset/cubism/le-corbusier_taureau-i-1961.jpg,"A collage with a white background, black foreground, and brown and tan shapes."
../dataset/cubism/leopold-survage_paysage-l-homme-dans-la-ville-1917.jpg,A painting of a tree in front of a building with a person standing next to it.
../dataset/cubism/louis-marcoussis_composition-cubiste-au-portrait-poisson-et-clair-de-lune-1926.jpg,"A cubism painting of a fish, a vase, and a cup on a table with a blue background."
../dataset/cubism/louis-marcoussis_figures-and-marine-anchor-1930.jpg,"A table with a crank, next to a blue-clad woman."
../dataset/cubism/louis-marcoussis_guitar-and-pomegranates-by-a-window-1921.jpg,A painting of a guitar and fruit bowl with bright colors.
../dataset/cubism/louis-marcoussis_la-table-1927.jpg,Colorful geometric shapes with a fish and a bird.
../dataset/cubism/louis-marcoussis_la-table-1930.jpg,A cubism painting with a vase and a guitar.
../dataset/cubism/louis-marcoussis_poire-verte-et-couteau-1941.jpg,A painting of a table with fruit and a knife.
../dataset/cubism/louis-marcoussis_still-life-with-envelope.jpg,An abstract painting with geometric shapes and a face-like figure in the center.
../dataset/cubism/louis-marcoussis_still-life-with-ephemeris-1914.jpg,"A collage with a white background, black text, and geometric shapes."
../dataset/cubism/louis-marcoussis_still-life-with-fish-1928.jpg,"A table with a blue vase, a knife, and two fish on it."
../dataset/cubism/louis-marcoussis_the-large-fly-1937.jpg,An abstract painting with bright colors and geometric shapes.
../dataset/cubism/louis-marcoussis_viareggio-la-depeche-de-toulouse.jpg,"A cubism-style drawing of a fish, a glass, and a newspaper."
../dataset/cubism/louis-schanker_football-1941.jpg,Colorful geometric shapes with a black background.
../dataset/cubism/louis-schanker_forms-in-action-1941.jpg,A black and white linocut print of three figures in motion.
../dataset/cubism/lyonel-feininger_gelmeroda-iii-1913.jpg,Blue and gray geometric shapes with a hint of purple.
../dataset/cubism/lyonel-feininger_gelmeroda-ix-1926.jpg,An abstract painting of a cityscape with muted colors.
../dataset/cubism/lyonel-feininger_the-cathedral-1920.jpg,An abstract painting of a cityscape with a tower.
../dataset/cubism/lyubov-popova_dramatic-architecture.jpg,"Black, gray, and orange geometric shapes on a white background."
../dataset/cubism/lyubov-popova_sketch-for-portrait.jpg,A cubism painting of a man with a green scarf.
../dataset/cubism/lyubov-popova_the-jug-on-the-table.jpg,Black and white cubism painting of a coffee pot and cup.
../dataset/cubism/m-c-escher_not_detected_204650.jpg,A black ink drawing of a reclining woman.
../dataset/cubism/m-h-maxy_organ-grinder-1940.jpg,A man with a hat and scarf is holding a box with a guinea pig in it.
../dataset/cubism/m-h-maxy_st-george-place-in-crotches-1935.jpg,Painting of the back of an urban street with buildings.
../dataset/cubism/m-h-maxy_still-life.jpg,Abstract painting with gray background and vase with fruit.
../dataset/cubism/man-ray_hills.jpg,A tree in front of purple mountains with a stormy sky.
../dataset/cubism/man-ray_untitled-1.jpg,Black and grey abstract drawing on a white background.
../dataset/cubism/marc-chagall_composition-with-goat-1917.jpg,A multicolored painting with a goat in front of a window.
../dataset/cubism/marc-chagall_cows-over-vitebsk-1966.jpg,"A whimsical painting with bright colors depicting a violinist, a bull, and a floating man."
../dataset/cubism/marc-chagall_cubist-landscape-1918.jpg,"A painting with geometric shapes in pink, green, and blue."
../dataset/cubism/marc-chagall_the-blue-house-1917.jpg,A blue house sits in front of a yellow field and a town.
../dataset/cubism/marc-chagall_the-smolensk-newspaper-1914.jpg,Two men in black hats are sitting at a table having a discussion.
../dataset/cubism/marc-chagall_the-soldier-drinks-1912.jpg,A soldier drinks tea with a sad expression on his face.
../dataset/cubism/marcel-janco_caf-concert-1927.jpg,An abstract painting with figures in muted colors.
../dataset/cubism/marcel-janco_still-life.jpg,Colorful geometric shapes appear to float on a white background.
../dataset/cubism/marevna-marie-vorobieff_port-of-stockholm-1962.jpg,Ships docked at a harbor with buildings and mountains in the background.
../dataset/cubism/marevna-marie-vorobieff_study-of-a-dead-crow-1955.jpg,A watercolor painting of a crow with spread wings against a geometric background.
../dataset/cubism/mario-sironi_the-plane.jpg,Colorful geometric shapes with black outline on a blue background
../dataset/cubism/marsden-hartley_e-1915.jpg,Colorful geometric shapes on a black background.
../dataset/cubism/maurice-de-vlaminck_wines-liquors-1910.jpg,"A painting of a cityscape with a church, houses, and a shop with a sign that says ""Vins Liqueurs""."
../dataset/cubism/max-ernst_33-little-girls-chasing-butterflies-1958.jpg,Bright yellow and white fireworks exploding over a dark blue background.
../dataset/cubism/max-weber_russian-ballet.jpg,An abstract painting with bright colors and geometric shapes.
../dataset/cubism/nikos-hadjikyriakos-ghikas_paris-roofs-ii-1952.jpg,Geometric shapes painted in muted colors.
../dataset/cubism/nikos-hadjikyriakos-ghikas_the-open-door-1927.jpg,An open green door in a room with blue walls.
../dataset/cubism/olexandr-archipenko_in-the-cafe-woman-with-cup.jpg,A cubism painting of a woman having coffee.
../dataset/cubism/olexandr-archipenko_madonna-of-the-rocks-1912.jpg,Black sculpture of a woman with abstract shapes on a wooden table with a green background.
../dataset/cubism/olexandr-archipenko_mask-1911.jpg,A stone head sculpture with a wooden stand.
../dataset/cubism/olexandr-archipenko_the-gondolier.jpg,Black sculpture of a woman with angular features and a smooth finish.
../dataset/cubism/olexandr-archipenko_woman-with-a-fan.jpg,"A 3D, blue and green, female figure holding a fan."
../dataset/cubism/olga-rozanova_lady-in-pink-artist-s-sister-anna-rozanova.jpg,A woman wearing a pink dress and black hat is reclining on a blue couch.
../dataset/cubism/olga-rozanova_tomatoes.jpg,"A table with a vase of flowers, a box, and some pots."
../dataset/cubism/oscar-dominguez_femme-l-ecritoire-1943.jpg,A man in a cubism-style painting is writing at a desk.
../dataset/cubism/otto-gustav-carlsund_composition-g-om-trique-1925.jpg,An abstract painting with bright colors and geometric shapes.
../dataset/cubism/otto-gustav-carlsund_staden-p-berget-1947.jpg,Colorful geometric shapes resemble buildings and trees.
../dataset/cubism/pablo-picasso_algerian-women-delacroix-1955.jpg,A painting of two women in a room with bright colors.
../dataset/cubism/pablo-picasso_bottle-of-vieux-marc-glass-guitar-and-newspaper-1913.jpg,Black and white collage with blue background.
../dataset/cubism/pablo-picasso_bull-plate-iv-1945.jpg,A black and white drawing of a bull.
../dataset/cubism/pablo-picasso_bust-of-young-woman-from-avignon-1907.jpg,An abstract portrait of a woman with purple hair.
../dataset/cubism/pablo-picasso_figure-with-fruit-dish.jpg,A cubism painting of a man holding a glass with a fruit in it.
../dataset/cubism/pablo-picasso_flowers-on-the-table-1907.jpg,A vase of flowers sits on a table with a yellow background.
../dataset/cubism/pablo-picasso_guitar-bottle-and-fruit-bowl-1921.jpg,A table with a guitar and other objects on it.
../dataset/cubism/pablo-picasso_guitar-bottle-fruit-dish-and-glass-on-the-table-1919.jpg,"A table with a guitar, a bowl of fruit, and a bottle of wine."
../dataset/cubism/pablo-picasso_pedestal-1914.jpg,"A collage with a guitar, a bottle, a newspaper, and grapes."
../dataset/cubism/pablo-picasso_pot-glass-and-book-1908.jpg,"A vase, a glass, and a book on a table with blue background."
../dataset/cubism/pablo-picasso_punchinello-with-guitar-1920.jpg,A painting of a harlequin with red curtains.
../dataset/cubism/pablo-picasso_queen-isabella-1908.jpg,Green-themed painting of a woman in a green dress with a white turban.
../dataset/cubism/pablo-picasso_seated-man-with-his-arms-crossed-1915.jpg,Line drawing of two people embracing.
../dataset/cubism/pablo-picasso_spring-1956.jpg,A goat standing next to a tree with a sleeping woman below it.
../dataset/cubism/pablo-picasso_square-du-vert-galant-1943.jpg,Trees and buildings in a park with a cubism style
../dataset/cubism/pablo-picasso_still-life-1914.jpg,A wooden sculpture with a white background.
../dataset/cubism/pablo-picasso_still-life-with-violin-and-fruits-1912.jpg,A collage with musical instruments and fruit.
../dataset/cubism/pablo-picasso_violin-1913.jpg,A collage of a guitar with sheet music background.
../dataset/cubism/pablo-picasso_violin.jpg,A violin and other objects on a table painted in a cubism style.
../dataset/cubism/pablo-picasso_woman-with-mandolin-1925.jpg,A woman wearing a red dress and white scarf is sitting in a blue chair holding sheet music.
../dataset/cubism/paul-cezanne_bathers-2.jpg,Bathers by the River is a painting by Paul Cezanne.
../dataset/cubism/paul-cezanne_bend-in-forest-road-1906.jpg,Colorful trees with blue sky and yellow path.
../dataset/cubism/paul-cezanne_bibemus-quarry-1.jpg,An expressive painting of a rocky cliff with green and brown vegetation under a blue sky.
../dataset/cubism/paul-cezanne_bibemus-quarry.jpg,Large orange rocks with green trees on top and blue sky.
../dataset/cubism/paul-cezanne_chateau-noir-1.jpg,An expressive painting of a hillside with a building.
../dataset/cubism/paul-cezanne_house-and-trees-1894.jpg,An abstract painting of a house surrounded by trees.
../dataset/cubism/paul-cezanne_in-the-park-of-the-chateau-noir.jpg,"Colorful painting of trees and rocks with green, orange, and blue colors."
../dataset/cubism/paul-cezanne_mont-sainte-victoire-7.jpg,"An impressionist painting of a mountain landscape with greens, blues, and purples."
../dataset/cubism/paul-cezanne_riverbanks-1905.jpg,An oil painting of a wheat field in the countryside with a blue sky and white clouds.
../dataset/cubism/paul-cezanne_the-garden-at-les-lauves-1906.jpg,"An abstract painting with blue, green, and yellow colors."
../dataset/cubism/paul-klee_swamp-legend-1919.jpg,Colorful geometric shapes with a large purple figure in the center.
../dataset/cubism/pierre-tal-coat_untitled-1.jpg,"A blue vase, a bunch of grapes, and a lemon on a table with a blue background."
../dataset/cubism/pyotr-konchalovsky_city-1912.jpg,An oil painting of a hillside town with trees in the foreground.
../dataset/cubism/pyotr-konchalovsky_crimea-alupka-1916-1.jpg,Houses on a cliff overlooking the ocean.
../dataset/cubism/pyotr-konchalovsky_portrait-of-a-violinist-grigory-fedorovich-romashkov-1918-1.jpg,A sketch of a man playing the violin.
../dataset/cubism/pyotr-konchalovsky_still-life-crystal-1916.jpg,Black and white drawing of a table with a pitcher and glasses.
../dataset/cubism/pyotr-konchalovsky_still-life-the-stove-1912.jpg,A still life painting of a wood stove and other objects in muted colors.
../dataset/cubism/pyotr-konchalovsky_still-life-with-a-samovar-1916.jpg,"Still life painting with samovar, fruit, and tea cups."
../dataset/cubism/pyotr-konchalovsky_vessels-on-the-red-tablecloth-1916.jpg,A table with a red tablecloth and several objects on it including a blue teapot.
../dataset/cubism/pyotr-konchalovsky_violinist-1918.jpg,A sketch of a man playing the violin.
../dataset/cubism/richard-lindner_couple-2.jpg,A man and a woman with light skin tones are sitting down with a red background.
../dataset/cubism/richard-lindner_the-ace-of-clubs-1973.jpg,Colorful painting of a man and woman with playing cards.
../dataset/cubism/roger-de-la-fresnaye_landscape-at-ferte-soud-jouarre-1911.jpg,A painting of a village with white houses and red roofs.
../dataset/cubism/roy-lichtenstein_preparedness-1968.jpg,"Yellow, red, and blue geometric shapes with black outlines."
../dataset/cubism/salvador-dali_crystalline-still-life.jpg,Still life painting with muted colors and geometric shapes.
../dataset/cubism/salvador-dali_self-portrait-being-duplicated-into-three-1927.jpg,A painting of a person with a hat on a red background.
../dataset/cubism/saul-steinberg_head-1929.jpg,A black silhouette of a woman's profile on a blue background.
../dataset/cubism/theo-van-doesburg_composition-the-cow-6.jpg,Black and white outline of a chair on a white background.
../dataset/cubism/umberto-boccioni_development-of-a-bottle-in-space-1913.jpg,A bronze sculpture with geometric shapes on a white background.
../dataset/cubism/umberto-boccioni_landscape-mountains-1916.jpg,Colorful trees with pink leaves and blue mountains in the background.
../dataset/cubism/umberto-boccioni_the-drinker-1914.jpg,"A table with a red hat, bottle, pitcher, and bowl."
../dataset/cubism/vicente-manansala_birds-of-paradise.jpg,Purple and blue birds are flying on a yellow background.
../dataset/cubism/vicente-manansala_still-life-1957.jpg,"A still life of a cup, glass, and a plate with a knife on a textured background."
../dataset/cubism/wifredo-lam_le-repos-du-mod-le-1938.jpg,A painting of a person lying on a bed with a striped blanket.
../dataset/cubism/willi-baumeister_swimmers-on-the-ladder-1929.jpg,Geometric shapes painted in muted colors form an abstract composition.
../dataset/cubism/willi-baumeister_the-painter-1929.jpg,Colorful geometric shapes with a white background.
../dataset/cubism/yiannis-tsaroychis_still-life-on-yellowish-background-1935.jpg,Still life painting with muted colors and geometric shapes.
